<?xml version="1.0" encoding="utf-8"?>
<!--/261487/1100420/2.50/2/3/Connector/-->
<quadcept_library>
  <setting unit="mil" />
  <textstyle name="Default" height="47.244094488189" strokewidth="7.8740157480315" charwidth="47.244094488189" />
  <textstyle name="Dimension" height="19.6850393700787" strokewidth="0" charwidth="19.6850393700787" />
  <textstyle name="H127W0635TH00762" height="50" strokewidth="3" charwidth="25" />
  <textstyle name="H15W15TH02" height="59.0551181102362" strokewidth="7.8740157480315" charwidth="59.0551181102362" />
  <padstyle name="r300_260" surface="True" plated="False" isvia="False" nopaste="False" nomask="True" complex="False" holesize="0">
    <padshape layer="TOP" shape="rectangle" width="102.36220472441" height="118.11023622047" />
    <padshape layer="TOP_SOLDER_MASK" shape="rectangle" width="110.23622047244" height="125.9842519685" />
    <padshape layer="TOP_SOLDER_PASTE" shape="rectangle" width="102.36220472441" height="118.11023622047" />
  </padstyle>
  <padstyle name="r360_300" surface="True" plated="False" isvia="False" nopaste="False" nomask="True" complex="False" holesize="0">
    <padshape layer="TOP" shape="rectangle" width="118.11023622047" height="141.73228346457" />
    <padshape layer="TOP_SOLDER_MASK" shape="rectangle" width="125.9842519685" height="149.6062992126" />
    <padshape layer="TOP_SOLDER_PASTE" shape="rectangle" width="118.11023622047" height="141.73228346457" />
  </padstyle>
  <footprint name="S8421-45R_1" originx="0" originy="0" pickpointx="0" pickpointy="0">
    <pcbpin number="1" name="1" style="r360_300" originx="0" originy="-842.51968503936" rotation="90" />
    <pcbpin number="2" name="2" style="r300_260" originx="0" originy="0" rotation="0" />
    <line layer="TOP_ASSEMBLY" originx="-307.08661417322" originy="103.03149606299" endx="307.08661417322" endy="103.03149606299" width="9.9999999999999" />
    <line layer="TOP_ASSEMBLY" originx="307.08661417322" originy="103.03149606299" endx="307.08661417322" endy="-833.58267716534" width="9.9999999999999" />
    <line layer="TOP_ASSEMBLY" originx="307.08661417322" originy="-833.58267716534" endx="-307.08661417322" endy="-833.58267716534" width="9.9999999999999" />
    <line layer="TOP_ASSEMBLY" originx="-307.08661417322" originy="-833.58267716534" endx="-307.08661417322" endy="103.03149606299" width="9.9999999999999" />
    <line layer="TOP_SILKSCREEN" originx="-307.08661417322" originy="-833.58267716534" endx="-307.08661417322" endy="103.03149606299" width="9.9999999999999" />
    <line layer="TOP_SILKSCREEN" originx="-307.08661417322" originy="103.03149606299" endx="307.08661417322" endy="103.03149606299" width="9.9999999999999" />
    <line layer="TOP_SILKSCREEN" originx="307.08661417322" originy="103.03149606299" endx="307.08661417322" endy="-833.58267716534" width="9.9999999999999" />
    <line layer="TOP_SILKSCREEN" originx="307.08661417322" originy="-833.58267716534" endx="86.614173228345" endy="-833.58267716534" width="9.9999999999999" />
    <line layer="TOP_SILKSCREEN" originx="-307.08661417322" originy="-833.58267716534" endx="-86.614173228345" endy="-833.58267716534" width="9.9999999999999" />
  </footprint>
  <symbol name="S8421-45R" originx="0" originy="0">
    <line originx="200" originy="100" endx="600" endy="100" width="0" />
    <line originx="600" originy="-200" endx="600" endy="100" width="0" />
    <line originx="600" originy="-200" endx="200" endy="-200" width="0" />
    <line originx="200" originy="100" endx="200" endy="-200" width="0" />
    <sympin number="1" originx="200" originy="-100" rotation="180" length="100" width="7.8740157480315" flipped="False">
      <text name="pinname" originx="230" originy="-100" style="Default" rotation="0" justify="left" flipped="False" hidden="False" data="1" />
      <text name="pindes" originx="140" originy="-80" style="Default" rotation="0" justify="lowerright" flipped="False" hidden="False" data="1" />
    </sympin>
    <sympin number="2" originx="200" originy="0" rotation="180" length="100" width="7.8740157480315" flipped="False">
      <text name="pinname" originx="230" originy="0" style="Default" rotation="0" justify="left" flipped="False" hidden="False" data="2" />
      <text name="pindes" originx="140" originy="20" style="Default" rotation="0" justify="lowerright" flipped="False" hidden="False" data="2" />
    </sympin>
  </symbol>
  <component name="S8421-45R" designatorprefix="J" height="0" footprint="S8421-45R_1">
    <comppin designator="1" sympin="1" pinswap="0" gateswap="0" gate="1" group="1" side="" type="Any" name="1" />
    <comppin designator="2" sympin="2" pinswap="0" gateswap="0" gate="1" group="1" side="" type="Any" name="2" />
    <attached_symbol gate="1" name="S8421-45R" />
    <pinmap designator="1" footprintpin="1" />
    <pinmap designator="2" footprintpin="2" />
    <text name="Datasheet" originx="0" originy="0" style="Default" rotation="0" justify="" flipped="False" hidden="True" data="https://datasheet.datasheetarchive.com/originals/distributors/Datasheets-DGA1/157350.pdf" />
    <text name="Description" originx="0" originy="0" style="Default" rotation="0" justify="" flipped="False" hidden="True" data="Coin Cell Battery Holders EZ BDWR, SMT COIN CELL HOLDER CR2032" />
    <text name="Mouser Part Number" originx="0" originy="0" style="Default" rotation="0" justify="" flipped="False" hidden="True" data="855-S8421-45R" />
    <text name="Mouser Price/Stock" originx="0" originy="0" style="Default" rotation="0" justify="" flipped="False" hidden="True" data="https://www.mouser.co.uk/ProductDetail/Harwin/S8421-45R?qs=Qom7kyPojXY6z0Gmx3V3RQ%3D%3D" />
    <text name="Manufacturer_Name" originx="0" originy="0" style="Default" rotation="0" justify="" flipped="False" hidden="True" data="Harwin" />
    <text name="Manufacturer_Part_Number" originx="650" originy="200" style="Default" rotation="0" justify="left" flipped="False" hidden="False" data="S8421-45R" />
  </component>
</quadcept_library>
